,DOSE,Vaccinatiegraad
0,18+ met minstens eerste dosis,90.48264981265021
1,18+ volledig gevaccineerd,89.31962079110538
2,18+ met boosterprik,76.02098542204135
3,18+ die nog geen prik kreeg,9.517350187349797
4,18+ met 2de boosterprik,19.95577256143872
5,18+ met 3de boosterprik,2.196855381413359
