,DOSE,Vaccinatiegraad
0,18+ met minstens eerste dosis,90.48797074759352
1,18+ volledig gevaccineerd,89.32462872987556
2,18+ met boosterprik,76.06710378920722
3,18+ die nog geen prik kreeg,9.512029252406482
4,18+ met 2de boosterprik,25.17562053380094
5,18+ met 3de boosterprik,3.0698340872044034
