,DOSE,Vaccinatiegraad
0,18+ met minstens eerste dosis,90.4710365753297
1,18+ volledig gevaccineerd,89.30908685093362
2,18+ met boosterprik,75.93161961812524
3,18+ die nog geen prik kreeg,9.528963424670293
4,18+ met 2de boosterprik,6.854605398709096
5,18+ met 3de boosterprik,0.020754884170369647
