,DOSE,Vaccinatiegraad
0,18+ met minstens eerste dosis,90.4685433989161
1,18+ volledig gevaccineerd,89.30646415886217
2,18+ met boosterprik,75.9252841438621
3,18+ die nog geen prik kreeg,9.531456601083894
4,18+ met 2de boosterprik,6.665739190650179
5,18+ met 3de boosterprik,0.013502007330802094
