,DOSE,Vaccinatiegraad
0,18+ met minstens eerste dosis,90.4796493665767
1,18+ volledig gevaccineerd,89.31691175526203
2,18+ met boosterprik,76.00161203822137
3,18+ die nog geen prik kreeg,9.520350633423307
4,18+ met 2de boosterprik,17.504483670180175
5,18+ met 3de boosterprik,1.7856431677414488
