,DOSE,Vaccinatiegraad
0,18+ met minstens eerste dosis,90.4852293328357
1,18+ volledig gevaccineerd,89.32162828380204
2,18+ met boosterprik,76.04991058562771
3,18+ die nog geen prik kreeg,9.514770667164294
4,18+ met 2de boosterprik,23.250024904781707
5,18+ met 3de boosterprik,2.757507078300526
