,DOSE,Vaccinatiegraad
0,18+ met minstens eerste dosis,90.47445794729123
1,18+ volledig gevaccineerd,89.31248663695219
2,18+ met boosterprik,75.95960579319221
3,18+ die nog geen prik kreeg,9.525542052708772
4,18+ met 2de boosterprik,11.858432046749972
5,18+ met 3de boosterprik,0.8125488584328022
