,DOSE,Vaccinatiegraad
0,18+ met minstens eerste dosis,90.47716698313458
1,18+ volledig gevaccineerd,89.31474236799305
2,18+ met boosterprik,75.9760434887676
3,18+ die nog geen prik kreeg,9.522833016865421
4,18+ met 2de boosterprik,14.026761604521996
5,18+ met 3de boosterprik,1.1781823535132039
