,DOSE,Vaccinatiegraad
0,18+ met minstens eerste dosis,90.47257997025241
1,18+ volledig gevaccineerd,89.3105762809989
2,18+ met boosterprik,75.93415596642478
3,18+ die nog geen prik kreeg,9.527420029747589
4,18+ met 2de boosterprik,6.92273063473789
5,18+ met 3de boosterprik,0.023571849728594545
