,Vaccinatiestatus,Vaccinatiegraad
0,Eerste dosis,79.7764210798197
1,Volledig gevaccineerd,78.6455948580146
2,Boosterprik,62.05025928849497
3,2de boosterprik,5.489568032066276
4,3de boosterprik,0.016626369733170072
5,Ongevaccineerd,20.223578920180305
