,Vaccinatiestatus,Vaccinatiegraad
0,Eerste dosis,79.79626740589268
1,Volledig gevaccineerd,78.66304995645721
2,Boosterprik,62.16715319947983
3,2de boosterprik,20.153283733920073
4,3de boosterprik,2.456990706498131
5,Ongevaccineerd,20.203732594107322
