,Vaccinatiestatus,Vaccinatiegraad
0,Eerste dosis,79.79360856794987
1,Volledig gevaccineerd,78.66018393633706
2,Boosterprik,62.15211522643976
3,2de boosterprik,18.611278583371142
4,3de boosterprik,2.2069218184241586
5,Ongevaccineerd,20.206391432050115
