,Vaccinatiestatus,Vaccinatiegraad
0,Eerste dosis,79.77804400687567
1,Volledig gevaccineerd,78.64707103102829
2,Boosterprik,62.052391538403626
3,2de boosterprik,5.544082842484225
4,3de boosterprik,0.01887947591196415
5,Ongevaccineerd,20.221955993124315
