,Vaccinatiestatus,Vaccinatiegraad
0,Eerste dosis,79.79016416425127
1,Volledig gevaccineerd,78.65745603766848
2,Boosterprik,62.126839000801795
3,2de boosterprik,15.973236551632217
4,3de boosterprik,1.7579666726749499
5,Ongevaccineerd,20.20983583574873
