,Vaccinatiestatus,Vaccinatiegraad
0,Eerste dosis,79.78742763299196
1,Volledig gevaccineerd,78.65499574931233
2,Boosterprik,62.1100572444356
3,2de boosterprik,14.010927823944874
4,3de boosterprik,1.4289268446637813
5,Ongevaccineerd,20.212572367008033
