,Vaccinatiestatus,Vaccinatiegraad
0,Eerste dosis,79.78385374043249
1,Volledig gevaccineerd,78.65218152473652
2,Boosterprik,62.088156361770466
3,2de boosterprik,11.227512964424749
4,3de boosterprik,0.9427566003062153
5,Ongevaccineerd,20.2161462595675
