,Vaccinatiestatus,Vaccinatiegraad
0,Eerste dosis,79.7734255708387
1,Volledig gevaccineerd,78.64272883789445
2,Boosterprik,62.04473443043202
3,2de boosterprik,5.338376838137543
4,Ongevaccineerd,20.226574429161307
