,Vaccinatiestatus,Vaccinatiegraad
0,Eerste dosis,79.78139345207634
1,Volledig gevaccineerd,78.65008380519075
2,Boosterprik,62.074344216613106
3,2de boosterprik,9.492759328204883
4,3de boosterprik,0.6501549377383027
5,Ongevaccineerd,20.218606547923653
