,Regio,Minstens één dosis,Volledig gevaccineerd,Boosterprik,2de boosterprik,3de boosterprik
0,Brussel,76.18725974507689,74.61580287294308,49.30968859589965,3.5532438629619643,0.061328230374966285
1,Vlaanderen,94.2184450016853,93.23880198976966,84.75435308410592,18.939517966079094,1.8012749045303187
2,Duitstalige gemeenschap,82.21625464023379,80.88302661717084,65.64568359529262,6.084827422794408,0.3996524761077324
3,Wallonië,85.85487626569547,84.69088503006267,67.49936566280176,8.337538883818864,0.3866653208905113
