,Regio,Minstens één dosis,Volledig gevaccineerd,Boosterprik,2de boosterprik,3de boosterprik
0,Brussel,76.15575263015916,74.58556025762071,49.234450869975724,2.2338439101699485,0.006954747774480712
1,Vlaanderen,94.20838873846678,93.22915316262996,84.71618373144777,9.696534200554854,0.015352932243380088
2,Duitstalige gemeenschap,82.2036174077877,80.87354869283627,65.61093120606587,3.8164441987204802,0.004738962167285365
3,Wallonië,85.84408201944926,84.68082675515146,67.43148106871449,2.4316843369879564,0.0119507726297167
