,Regio,Minstens één dosis,Volledig gevaccineerd,Boosterprik,2de boosterprik,3de boosterprik
0,Brussel,76.21286586188293,74.64161973968169,49.42054306042622,7.073926861343405,0.20295218505530077
1,Vlaanderen,94.22966801367504,93.24943236746289,84.8270248647127,33.386849444960944,4.8386738326030345
2,Duitstalige gemeenschap,82.22257325645683,80.88934523339388,65.69623252507701,11.07811389305742,0.9462127794013111
3,Wallonië,85.86553032692548,84.69891062223923,67.61400195978653,15.83789285098473,0.7200252893769197
