,Regio,Minstens één dosis,Volledig gevaccineerd,Boosterprik,2de boosterprik,3de boosterprik
0,Brussel,76.18019962233612,74.60895350013487,49.29725434987861,3.1202581265173994,0.04035861208524413
1,Vlaanderen,94.21616706360818,93.23652405169253,84.74222260084969,16.235198032454136,1.2278827028568677
2,Duitstalige gemeenschap,82.21309533212226,80.88302661717084,65.63620567095806,5.4024168707053155,0.3396256219887845
3,Wallonië,85.85154687156108,84.68867711605778,67.474447776175,6.578602439499652,0.2931969613495892
