,Regio,Minstens één dosis,Volledig gevaccineerd,Boosterprik,2de boosterprik,3de boosterprik
0,Brussel,76.1997993660642,74.63023924332344,49.356685830860535,5.0783357499325605,0.12181346101969247
1,Vlaanderen,94.22418614643253,93.24417273808156,84.78998522118223,26.61628040491738,3.4139439442034814
2,Duitstalige gemeenschap,82.2194139483453,80.88618592528236,65.66937840612906,8.465366084827423,0.7440170602638022
3,Wallonië,85.86013320380238,84.6946349792456,67.55915457220439,12.470438484712124,0.6139753246334512
