,Regio,Minstens één dosis,Volledig gevaccineerd,Boosterprik,2de boosterprik,3de boosterprik
0,Brussel,76.16660625168599,74.59683537901269,49.25373448880496,2.3383758767197196,0.00800849743728082
1,Vlaanderen,94.21222234157219,93.23270896840889,84.72031365170142,9.860953178186612,0.0203903237635241
2,Duitstalige gemeenschap,82.2115156780665,80.88144696311508,65.61882947634467,3.8496169338914776,0.004738962167285365
3,Wallonië,85.84755159859984,84.68440147306416,67.43936647587486,2.69624850878189,0.02554871919959963
