,Regio,Minstens één dosis,Volledig gevaccineerd,Boosterprik,2de boosterprik,3de boosterprik
0,Brussel,76.1918962435932,74.62086087132452,49.33518933773941,4.404989715403291,0.09494284461828972
1,Vlaanderen,94.22074145958419,93.240746571055,84.77218767246583,23.30856615835929,2.745508017230842
2,Duitstalige gemeenschap,82.21783429428955,80.88302661717084,65.66305978990601,7.890372008530131,0.693468130479425
3,Wallonië,85.85743464224083,84.69319808282972,67.5380216810146,11.02593703169443,0.5541864152308216
