,Regio,Minstens één dosis,Volledig gevaccineerd,Boosterprik,2de boosterprik,3de boosterprik
0,Brussel,76.17356099946048,74.6035793768546,49.262164486107366,2.374519490153763,0.008429997302400863
1,Vlaanderen,94.21398172463988,93.2342461136154,84.72211007441265,9.934032394872231,0.02344609435478793
2,Duitstalige gemeenschap,82.2115156780665,80.88144696311508,65.62988705473501,3.868572782560619,0.004738962167285365
3,Wallonië,85.84888335625358,84.68608369325837,67.44181971365809,2.7659555080795633,0.028772974571839915
